{"menu":[{"id":1663711530,"title":"Paracas","type":"simple","content":"paracas","keywords":"Paracas, paracas, focas, mar, reserva natural de paracas, cerca de huacachina, a 4 horas de lima, a 1 hora de huacachina, santi, luisa"},{"id":1663711540,"title":"Ica","type":"simple","content":"ica","keywords":"Ica, ica"},{"id":1663711546,"title":"Huacachina","type":"simple","content":"huacachina","keywords":"Huacachina, huacachina"},{"id":1663711553,"title":"Arequipa","type":"simple","content":"arequipa","keywords":"Arequipa, arequipa"},{"id":1663711559,"title":"Cusco","content":"cusco","type":"details","items":[{"id":1663711567,"title":"Ollantaytambo","content":"ollantaytambo","keywords":"Ollantaytambo, ollantaytambo, montaña, alpaca, fortaleza"},{"id":1663711578,"title":"Humantay","content":"humantay","keywords":"Humantay, humantay"},{"id":1663711584,"title":"Vinicunca","content":"vinicunca","keywords":"Vinicunca, vinicunca"}]}]}